	Degree	Closeness	Betweenness	PageRank	Eigenvector
TP	249	265	624	158	327
TN	2044	2047	1847	2066	1993
FP	83	80	280	61	134
FN	2736	2720	2361	2827	2658
MCC	0.0887987538337117	0.100531351116469	0.0999999029472692	0.0590339112108669	0.080100505040034
