	Degree	Closeness	Betweenness	PageRank	Eigenvector
TP	224	303	791	148	558
TN	2094	2069	1862	2097	1976
FP	33	58	265	30	151
FN	2761	2682	2194	2837	2427
MCC	0.134279345135082	0.142837553795997	0.17094302111751	0.0953875295156171	0.16534906145956
