	Degree	Closeness	Betweenness	PageRank	Eigenvector
TP	231	237	727	138	636
TN	2088	2066	1848	2105	1973
FP	39	61	279	22	154
FN	2754	2748	2258	2847	2349
MCC	0.130133987602069	0.106698340782981	0.139327910276639	0.101590768838599	0.191813644313758
