	Degree	Closeness	Betweenness	PageRank	Eigenvector
TP	223	233	825	121	510
TN	2083	2074	1871	2105	1982
FP	44	53	256	22	145
FN	2762	2752	2160	2864	2475
MCC	0.119677257433502	0.113971028989148	0.188334438282922	0.0902520107728674	0.151430403369416
