	Degree	Closeness	Betweenness	PageRank	Eigenvector
TP	189	248	851	90	443
TN	2099	2072	1872	2104	2008
FP	28	55	255	23	119
FN	2796	2737	2134	2895	2542
MCC	0.122614632844603	0.119449926097536	0.197763420437625	0.0648295847733647	0.145694233986133
