	Degree	Closeness	Betweenness	PageRank	Eigenvector
TP	234	242	713	125	647
TN	2088	NA	1852	2109	1963
FP	39	NA	275	18	164
FN	2751	2743	2272	2860	2338
MCC	0.131660401441842	NA	0.136777073629325	0.099879042579748	0.18840432625273
