	Degree	Closeness	Betweenness	PageRank	Eigenvector
TP	189	340	759	85	436
TN	2099	2069	1902	2105	2003
FP	28	58	225	22	124
FN	2796	2645	2226	2900	2549
MCC	0.122614632844603	0.159371232472652	0.185644260487995	0.0624338045905732	0.138511233126764
