	Degree	Closeness	Betweenness	PageRank	Eigenvector
TP	224	316	801	104	573
TN	2094	2065	1866	2102	1975
FP	33	62	261	25	152
FN	2761	2669	2184	2881	2412
MCC	0.134279345135082	0.14450015347245	0.176940778540444	0.072558349369477	0.170247857022567
