	Degree	Closeness	Betweenness	PageRank	Eigenvector
TP	225	307	754	121	475
TN	2083	2063	1907	2104	1988
FP	44	63	220	23	139
FN	2760	2678	2231	2864	2510
MCC	0.120735283654133	0.139256285284897	0.187217284933518	0.088546533776732	0.142189098458765
