	Degree	Closeness	Betweenness	PageRank	Eigenvector
TP	251	273	683	156	310
TN	2042	2048	1860	2068	1994
FP	85	78	267	59	133
FN	2734	2712	2302	2829	2675
MCC	0.0877679625613621	0.106740431087768	0.130878074463764	0.0602199027636765	0.0723996032185514
